{"lr": 0.020000000000000004, "data_time": 0.2131889581680298, "grad_norm": 1.31351777613163, "loss": 0.27926138900220393, "recall@thr=0.5": 0.288617879152298, "prec@thr=0.5": 0.4654468297958374, "recall@top3": 0.5162601470947266, "prec@top3": 0.430894136428833, "recall@top5": 0.7052845358848572, "prec@top5": 0.35121944546699524, "loss_action_cls": 0.27926138900220393, "time": 1.3928476095199585, "epoch": 1, "iter": 20, "memory": 19433, "step": 20}
{"lr": 0.020000000000000004, "data_time": 0.029252171516418457, "grad_norm": 0.5380410373210907, "loss": 0.14343347325921058, "recall@thr=0.5": 0.43145158886909485, "prec@thr=0.5": 0.44354820251464844, "recall@top3": 0.5873655676841736, "prec@top3": 0.46236541867256165, "recall@top5": 0.823924720287323, "prec@top5": 0.3806450664997101, "loss_action_cls": 0.14343347325921058, "time": 1.022447121143341, "epoch": 1, "iter": 40, "memory": 19433, "step": 40}
